Radius;discrGrade;pointsCount;routedDist;Time;Latitude;Longtitude
300;1;53;688,4;2353;52,49;13,3
300;2;50;688,4;370;52,49;13,3
300;3;49;688,4;333;52,49;13,3
300;4;48;688,4;483;52,49;13,3
300;5;48;688,4;542;52,49;13,3
300;6;48;688,4;425;52,49;13,3
300;7;48;688,4;343;52,49;13,3
300;8;48;688,4;326;52,49;13,3
300;9;48;688,4;320;52,49;13,3
300;10;48;688,4;327;52,49;13,3
300;11;48;688,4;305;52,49;13,3
300;12;48;688,4;307;52,49;13,3
300;13;48;688,4;401;52,49;13,3
300;14;48;688,4;314;52,49;13,3
300;1;261;226,2;665;52,49;13,31
300;2;167;226,2;624;52,49;13,31
300;3;143;226,2;586;52,49;13,31
300;4;129;226,2;552;52,49;13,31
300;5;123;226,2;588;52,49;13,31
300;6;116;226,2;662;52,49;13,31
300;7;114;226,2;817;52,49;13,31
300;8;112;226,2;612;52,49;13,31
300;9;111;226,2;596;52,49;13,31
300;10;111;226,2;622;52,49;13,31
300;11;111;226,2;569;52,49;13,31
300;12;111;226,2;593;52,49;13,31
300;13;111;226,2;604;52,49;13,31
300;14;111;226,2;570;52,49;13,31
200;1;610;212,4;1031;52,49;13,32
200;2;367;212,4;914;52,49;13,32
200;3;298;212,4;1036;52,49;13,32
200;4;263;212,4;1150;52,49;13,32
200;5;246;212,4;1092;52,49;13,32
200;6;235;212,4;913;52,49;13,32
200;7;228;212,4;1022;52,49;13,32
200;8;222;212,4;957;52,49;13,32
200;9;219;212,4;948;52,49;13,32
200;10;217;212,4;931;52,49;13,32
200;11;216;212,4;980;52,49;13,32
200;12;214;212,4;948;52,49;13,32
200;13;214;212,4;957;52,49;13,32
200;14;214;212,4;1006;52,49;13,32
200;1;913;61,8;1026;52,49;13,33
200;2;535;61,8;947;52,49;13,33
200;3;408;61,8;936;52,49;13,33
200;4;349;61,8;935;52,49;13,33
200;5;314;61,8;947;52,49;13,33
200;6;288;61,8;1144;52,49;13,33
200;7;274;61,8;925;52,49;13,33
200;8;263;61,8;935;52,49;13,33
200;9;257;61,8;958;52,49;13,33
200;10;249;61,8;946;52,49;13,33
200;11;246;61,8;1040;52,49;13,33
200;12;242;61,8;943;52,49;13,33
200;13;241;61,8;940;52,49;13,33
200;14;240;61,8;936;52,49;13,33
200;1;1007;11,4;1677;52,49;13,34
200;2;665;11,4;1565;52,49;13,34
200;3;548;11,4;1538;52,49;13,34
200;4;497;11,4;1584;52,49;13,34
200;5;464;11,4;1577;52,49;13,34
200;6;444;11,4;1658;52,49;13,34
200;7;432;11,4;1604;52,49;13,34
200;8;420;11,4;1678;52,49;13,34
200;9;412;11,4;1684;52,49;13,34
200;10;407;11,4;1577;52,49;13,34
200;11;402;11,4;1942;52,49;13,34
200;12;398;11,4;2127;52,49;13,34
200;13;395;11,4;2167;52,49;13,34
200;14;392;11,4;1835;52,49;13,34
200;1;871;6,9;1011;52,49;13,35
200;2;509;6,9;1034;52,49;13,35
200;3;390;6,9;941;52,49;13,35
200;4;333;6,9;1028;52,49;13,35
200;5;305;6,9;997;52,49;13,35
200;6;283;6,9;1019;52,49;13,35
200;7;272;6,9;995;52,49;13,35
200;8;257;6,9;1039;52,49;13,35
200;9;253;6,9;969;52,49;13,35
200;10;247;6,9;1000;52,49;13,35
200;11;241;6,9;1023;52,49;13,35
200;12;236;6,9;1024;52,49;13,35
200;13;236;6,9;1133;52,49;13,35
200;14;234;6,9;1108;52,49;13,35
200;1;758;0,4;613;52,49;13,36
200;2;382;0,4;416;52,49;13,36
200;3;261;0,4;450;52,49;13,36
200;4;201;0,4;428;52,49;13,36
200;5;167;0,4;506;52,49;13,36
200;6;151;0,4;450;52,49;13,36
200;7;133;0,4;537;52,49;13,36
200;8;123;0,4;470;52,49;13,36
200;9;113;0,4;507;52,49;13,36
200;10;107;0,4;482;52,49;13,36
200;11;106;0,4;521;52,49;13,36
200;12;102;0,4;528;52,49;13,36
200;13;98;0,4;470;52,49;13,36
200;14;96;0,4;439;52,49;13,36
200;1;465;0;582;52,49;13,37
200;2;263;0;513;52,49;13,37
200;3;204;0;619;52,49;13,37
200;4;170;0;555;52,49;13,37
200;5;152;0;537;52,49;13,37
200;6;142;0;596;52,49;13,37
200;7;135;0;528;52,49;13,37
200;8;128;0;559;52,49;13,37
200;9;124;0;538;52,49;13,37
200;10;121;0;559;52,49;13,37
200;11;120;0;521;52,49;13,37
200;12;118;0;552;52,49;13,37
200;13;118;0;487;52,49;13,37
200;14;118;0;510;52,49;13,37
200;1;895;64,6;2575;52,49;13,38
200;2;692;64,6;2334;52,49;13,38
200;3;631;64,6;2301;52,49;13,38
200;4;598;64,6;2419;52,49;13,38
200;5;584;64,6;2420;52,49;13,38
200;6;574;64,6;2730;52,49;13,38
200;7;569;64,6;2663;52,49;13,38
200;8;561;64,6;2245;52,49;13,38
200;9;559;64,6;2321;52,49;13,38
200;10;558;64,6;2270;52,49;13,38
200;11;558;64,6;2283;52,49;13,38
200;12;557;64,6;2611;52,49;13,38
200;13;557;64,6;2431;52,49;13,38
200;14;557;64,6;2646;52,49;13,38
200;1;616;0,7;842;52,49;13,39
200;2;361;0,7;820;52,49;13,39
200;3;282;0,7;731;52,49;13,39
200;4;237;0,7;709;52,49;13,39
200;5;218;0,7;690;52,49;13,39
200;6;200;0,7;847;52,49;13,39
200;7;187;0,7;790;52,49;13,39
200;8;177;0,7;835;52,49;13,39
200;9;174;0,7;887;52,49;13,39
200;10;168;0,7;741;52,49;13,39
200;11;167;0,7;832;52,49;13,39
200;12;167;0,7;695;52,49;13,39
200;13;164;0,7;682;52,49;13,39
200;14;164;0,7;714;52,49;13,39
200;1;878;17,6;441;52,49;13,4
200;2;446;17,6;464;52,49;13,4
200;3;308;17,6;431;52,49;13,4
200;4;232;17,6;427;52,49;13,4
200;5;195;17,6;511;52,49;13,4
200;6;168;17,6;408;52,49;13,4
200;7;152;17,6;410;52,49;13,4
200;8;131;17,6;393;52,49;13,4
200;9;126;17,6;399;52,49;13,4
200;10;117;17,6;376;52,49;13,4
200;11;111;17,6;379;52,49;13,4
200;12;106;17,6;430;52,49;13,4
200;13;103;17,6;465;52,49;13,4
200;14;100;17,6;396;52,49;13,4
200;1;163;78,6;316;52,49;13,41
200;2;71;78,6;355;52,49;13,41
200;3;67;78,6;401;52,49;13,41
200;4;65;78,6;332;52,49;13,41
200;5;64;78,6;326;52,49;13,41
200;6;64;78,6;312;52,49;13,41
200;7;64;78,6;305;52,49;13,41
200;8;64;78,6;361;52,49;13,41
200;9;64;78,6;408;52,49;13,41
200;10;64;78,6;308;52,49;13,41
200;11;64;78,6;312;52,49;13,41
200;12;64;78,6;320;52,49;13,41
200;13;64;78,6;300;52,49;13,41
200;14;64;78,6;352;52,49;13,41
200;1;723;1,3;641;52,49;13,42
200;2;367;1,3;675;52,49;13,42
200;3;259;1,3;618;52,49;13,42
200;4;202;1,3;659;52,49;13,42
200;5;177;1,3;666;52,49;13,42
200;6;157;1,3;662;52,49;13,42
200;7;152;1,3;637;52,49;13,42
200;8;147;1,3;613;52,49;13,42
200;9;145;1,3;612;52,49;13,42
200;10;143;1,3;635;52,49;13,42
200;11;143;1,3;620;52,49;13,42
200;12;141;1,3;766;52,49;13,42
200;13;141;1,3;799;52,49;13,42
200;14;141;1,3;900;52,49;13,42
200;1;438;5,1;1013;52,49;13,43
200;2;281;5,1;1080;52,49;13,43
200;3;237;5,1;953;52,49;13,43
200;4;215;5,1;963;52,49;13,43
200;5;200;5,1;880;52,49;13,43
200;6;198;5,1;909;52,49;13,43
200;7;198;5,1;819;52,49;13,43
200;8;198;5,1;835;52,49;13,43
200;9;198;5,1;847;52,49;13,43
200;10;198;5,1;926;52,49;13,43
200;11;198;5,1;882;52,49;13,43
200;12;198;5,1;900;52,49;13,43
200;13;198;5,1;837;52,49;13,43
200;14;198;5,1;856;52,49;13,43
200;1;223;106,5;301;52,49;13,44
200;2;117;106,5;238;52,49;13,44
200;3;83;106,5;213;52,49;13,44
200;4;68;106,5;254;52,49;13,44
200;5;59;106,5;237;52,49;13,44
200;6;51;106,5;254;52,49;13,44
200;7;49;106,5;230;52,49;13,44
200;8;48;106,5;251;52,49;13,44
200;9;45;106,5;242;52,49;13,44
200;10;45;106,5;239;52,49;13,44
200;11;45;106,5;287;52,49;13,44
200;12;44;106,5;291;52,49;13,44
200;13;43;106,5;219;52,49;13,44
200;14;43;106,5;215;52,49;13,44
200;1;535;11,1;577;52,49;13,45
200;2;278;11,1;505;52,49;13,45
200;3;193;11,1;538;52,49;13,45
200;4;154;11,1;511;52,49;13,45
200;5;135;11,1;538;52,49;13,45
200;6;128;11,1;502;52,49;13,45
200;7;124;11,1;545;52,49;13,45
200;8;118;11,1;527;52,49;13,45
200;9;117;11,1;576;52,49;13,45
200;10;113;11,1;542;52,49;13,45
200;11;113;11,1;564;52,49;13,45
200;12;112;11,1;738;52,49;13,45
200;13;112;11,1;519;52,49;13,45
200;14;112;11,1;548;52,49;13,45
200;1;534;0;318;52,49;13,46
200;2;257;0;235;52,49;13,46
200;3;170;0;265;52,49;13,46
200;4;117;0;523;52,49;13,46
200;5;98;0;273;52,49;13,46
200;6;78;0;401;52,49;13,46
200;7;73;0;288;52,49;13,46
200;8;50;0;223;52,49;13,46
200;9;48;0;277;52,49;13,46
200;10;47;0;223;52,49;13,46
200;11;47;0;304;52,49;13,46
200;12;46;0;238;52,49;13,46
200;13;46;0;253;52,49;13,46
200;14;46;0;244;52,49;13,46
600;1;853;1439,2;1315;52,49;13,47
600;2;467;1439,2;1224;52,49;13,47
600;3;339;1439,2;1502;52,49;13,47
600;4;273;1439,2;1419;52,49;13,47
600;5;243;1439,2;1410;52,49;13,47
600;6;223;1439,2;1314;52,49;13,47
600;7;215;1439,2;1215;52,49;13,47
600;8;192;1439,2;1264;52,49;13,47
600;9;189;1439,2;1268;52,49;13,47
600;10;188;1439,2;1264;52,49;13,47
600;11;187;1439,2;1398;52,49;13,47
600;12;187;1439,2;1460;52,49;13,47
600;13;187;1439,2;1219;52,49;13,47
600;14;187;1439,2;1273;52,49;13,47
500;1;450;339,9;633;52,49;13,48
500;2;241;339,9;694;52,49;13,48
500;3;174;339,9;662;52,49;13,48
500;4;137;339,9;638;52,49;13,48
500;5;123;339,9;637;52,49;13,48
500;6;107;339,9;639;52,49;13,48
500;7;102;339,9;574;52,49;13,48
500;8;90;339,9;659;52,49;13,48
500;9;86;339,9;575;52,49;13,48
500;10;86;339,9;642;52,49;13,48
500;11;85;339,9;581;52,49;13,48
500;12;84;339,9;555;52,49;13,48
500;13;84;339,9;639;52,49;13,48
500;14;83;339,9;594;52,49;13,48
600;1;220;606;356;52,49;13,49
600;2;110;606;260;52,49;13,49
600;3;74;606;292;52,49;13,49
600;4;55;606;268;52,49;13,49
600;5;44;606;266;52,49;13,49
600;6;37;606;263;52,49;13,49
600;7;32;606;269;52,49;13,49
600;8;28;606;318;52,49;13,49
600;9;25;606;283;52,49;13,49
600;10;22;606;279;52,49;13,49
600;11;20;606;259;52,49;13,49
600;12;19;606;255;52,49;13,49
600;13;17;606;295;52,49;13,49
600;14;16;606;294;52,49;13,49
700;1;804;3107,9;1767;52,49;13,5
700;2;483;3107,9;1612;52,49;13,5
700;3;386;3107,9;1690;52,49;13,5
700;4;336;3107,9;1669;52,49;13,5
700;5;306;3107,9;1563;52,49;13,5
700;6;291;3107,9;1687;52,49;13,5
700;7;281;3107,9;1629;52,49;13,5
700;8;271;3107,9;1793;52,49;13,5
700;9;263;3107,9;1669;52,49;13,5
700;10;262;3107,9;1722;52,49;13,5
700;11;258;3107,9;1609;52,49;13,5
700;12;255;3107,9;1680;52,49;13,5
700;13;253;3107,9;1659;52,49;13,5
700;14;253;3107,9;1683;52,49;13,5
400;1;1152;265,8;2893;52,49;13,51
400;2;848;265,8;2775;52,49;13,51
400;3;746;265,8;2713;52,49;13,51
400;4;696;265,8;2728;52,49;13,51
400;5;665;265,8;2825;52,49;13,51
400;6;648;265,8;3740;52,49;13,51
400;7;636;265,8;3208;52,49;13,51
400;8;625;265,8;2854;52,49;13,51
400;9;618;265,8;2804;52,49;13,51
400;10;612;265,8;2680;52,49;13,51
400;11;608;265,8;2724;52,49;13,51
400;12;607;265,8;2746;52,49;13,51
400;13;603;265,8;2709;52,49;13,51
400;14;602;265,8;2916;52,49;13,51
200;1;577;6,8;547;52,5;13,3
200;2;330;6,8;605;52,5;13,3
200;3;252;6,8;574;52,5;13,3
200;4;212;6,8;553;52,5;13,3
200;5;189;6,8;588;52,5;13,3
200;6;174;6,8;600;52,5;13,3
200;7;164;6,8;589;52,5;13,3
200;8;156;6,8;589;52,5;13,3
200;9;150;6,8;533;52,5;13,3
200;10;147;6,8;564;52,5;13,3
200;11;140;6,8;682;52,5;13,3
200;12;139;6,8;603;52,5;13,3
200;13;137;6,8;571;52,5;13,3
200;14;134;6,8;592;52,5;13,3
200;1;771;224,1;1280;52,5;13,31
200;2;512;224,1;1256;52,5;13,31
200;3;428;224,1;1389;52,5;13,31
200;4;387;224,1;1414;52,5;13,31
200;5;363;224,1;1378;52,5;13,31
200;6;349;224,1;1263;52,5;13,31
200;7;337;224,1;1317;52,5;13,31
200;8;332;224,1;1317;52,5;13,31
200;9;327;224,1;1416;52,5;13,31
200;10;322;224,1;1358;52,5;13,31
200;11;320;224,1;1368;52,5;13,31
200;12;318;224,1;1529;52,5;13,31
200;13;316;224,1;1758;52,5;13,31
200;14;314;224,1;1490;52,5;13,31
200;1;1237;6,5;1486;52,5;13,32
200;2;745;6,5;1444;52,5;13,32
200;3;590;6,5;1427;52,5;13,32
200;4;511;6,5;1436;52,5;13,32
200;5;464;6,5;1386;52,5;13,32
200;6;434;6,5;1420;52,5;13,32
200;7;416;6,5;1444;52,5;13,32
200;8;400;6,5;1538;52,5;13,32
200;9;391;6,5;1686;52,5;13,32
200;10;385;6,5;1844;52,5;13,32
200;11;378;6,5;1675;52,5;13,32
200;12;372;6,5;1422;52,5;13,32
200;13;369;6,5;1410;52,5;13,32
200;14;367;6,5;1551;52,5;13,32
200;1;684;118,4;653;52,5;13,33
200;2;381;118,4;595;52,5;13,33
200;3;280;118,4;580;52,5;13,33
200;4;234;118,4;616;52,5;13,33
200;5;205;118,4;628;52,5;13,33
200;6;182;118,4;590;52,5;13,33
200;7;170;118,4;858;52,5;13,33
200;8;164;118,4;613;52,5;13,33
200;9;152;118,4;553;52,5;13,33
200;10;149;118,4;634;52,5;13,33
200;11;144;118,4;591;52,5;13,33
200;12;141;118,4;616;52,5;13,33
200;13;138;118,4;605;52,5;13,33
200;14;135;118,4;644;52,5;13,33
200;1;1008;98,7;997;52,5;13,34
200;2;551;98,7;984;52,5;13,34
200;3;409;98,7;927;52,5;13,34
200;4;338;98,7;990;52,5;13,34
200;5;303;98,7;1016;52,5;13,34
200;6;277;98,7;990;52,5;13,34
200;7;255;98,7;995;52,5;13,34
200;8;252;98,7;967;52,5;13,34
200;9;243;98,7;1001;52,5;13,34
200;10;237;98,7;954;52,5;13,34
200;11;230;98,7;1014;52,5;13,34
200;12;229;98,7;951;52,5;13,34
200;13;228;98,7;1013;52,5;13,34
200;14;225;98,7;990;52,5;13,34
200;1;1287;18,8;2949;52,5;13,35
200;2;952;18,8;3073;52,5;13,35
200;3;843;18,8;3014;52,5;13,35
200;4;787;18,8;3407;52,5;13,35
200;5;755;18,8;2740;52,5;13,35
200;6;734;18,8;2657;52,5;13,35
200;7;722;18,8;2670;52,5;13,35
200;8;708;18,8;2779;52,5;13,35
200;9;702;18,8;2653;52,5;13,35
200;10;695;18,8;2830;52,5;13,35
200;11;690;18,8;2764;52,5;13,35
200;12;686;18,8;3460;52,5;13,35
200;13;683;18,8;2915;52,5;13,35
200;14;680;18,8;2718;52,5;13,35
200;1;126;145,5;120;52,5;13,36
200;2;63;145,5;117;52,5;13,36
200;3;41;145,5;118;52,5;13,36
200;4;33;145,5;147;52,5;13,36
200;5;26;145,5;106;52,5;13,36
200;6;24;145,5;102;52,5;13,36
200;7;21;145,5;126;52,5;13,36
200;8;18;145,5;113;52,5;13,36
200;9;16;145,5;152;52,5;13,36
200;10;16;145,5;106;52,5;13,36
200;11;16;145,5;111;52,5;13,36
200;12;16;145,5;149;52,5;13,36
200;13;16;145,5;112;52,5;13,36
200;14;15;145,5;106;52,5;13,36
200;1;838;5,4;874;52,5;13,37
200;2;462;5,4;811;52,5;13,37
200;3;344;5,4;824;52,5;13,37
200;4;286;5,4;824;52,5;13,37
200;5;254;5,4;826;52,5;13,37
200;6;239;5,4;856;52,5;13,37
200;7;230;5,4;779;52,5;13,37
200;8;217;5,4;885;52,5;13,37
200;9;213;5,4;848;52,5;13,37
200;10;204;5,4;835;52,5;13,37
200;11;203;5,4;840;52,5;13,37
200;12;200;5,4;1060;52,5;13,37
200;13;198;5,4;1055;52,5;13,37
200;14;197;5,4;1064;52,5;13,37
500;1;241;410,4;543;52,5;13,38
500;2;127;410,4;373;52,5;13,38
500;3;90;410,4;383;52,5;13,38
500;4;73;410,4;375;52,5;13,38
500;5;62;410,4;385;52,5;13,38
500;6;55;410,4;391;52,5;13,38
500;7;53;410,4;387;52,5;13,38
500;8;50;410,4;396;52,5;13,38
500;9;48;410,4;399;52,5;13,38
500;10;45;410,4;422;52,5;13,38
500;11;44;410,4;433;52,5;13,38
500;12;44;410,4;392;52,5;13,38
500;13;43;410,4;410;52,5;13,38
500;14;42;410,4;426;52,5;13,38
300;1;807;320,8;867;52,5;13,39
300;2;432;320,8;778;52,5;13,39
300;3;317;320,8;751;52,5;13,39
300;4;258;320,8;814;52,5;13,39
300;5;227;320,8;769;52,5;13,39
300;6;206;320,8;719;52,5;13,39
300;7;190;320,8;738;52,5;13,39
300;8;179;320,8;729;52,5;13,39
300;9;172;320,8;1042;52,5;13,39
300;10;167;320,8;1194;52,5;13,39
300;11;163;320,8;959;52,5;13,39
300;12;163;320,8;753;52,5;13,39
300;13;159;320,8;826;52,5;13,39
300;14;157;320,8;808;52,5;13,39
300;1;823;250,2;836;52,5;13,4
300;2;410;250,2;589;52,5;13,4
300;3;275;250,2;752;52,5;13,4
300;4;213;250,2;2407;52,5;13,4
300;5;172;250,2;750;52,5;13,4
300;6;147;250,2;665;52,5;13,4
300;7;128;250,2;524;52,5;13,4
300;8;119;250,2;411;52,5;13,4
300;9;109;250,2;506;52,5;13,4
300;10;102;250,2;446;52,5;13,4
300;11;94;250,2;456;52,5;13,4
300;12;92;250,2;397;52,5;13,4
300;13;91;250,2;374;52,5;13,4
300;14;86;250,2;442;52,5;13,4
200;1;138;48,3;175;52,5;13,41
200;2;72;48,3;224;52,5;13,41
200;3;52;48,3;183;52,5;13,41
200;4;42;48,3;202;52,5;13,41
200;5;38;48,3;166;52,5;13,41
200;6;33;48,3;151;52,5;13,41
200;7;32;48,3;185;52,5;13,41
200;8;31;48,3;178;52,5;13,41
200;9;29;48,3;151;52,5;13,41
200;10;28;48,3;205;52,5;13,41
200;11;28;48,3;157;52,5;13,41
200;12;27;48,3;162;52,5;13,41
200;13;27;48,3;158;52,5;13,41
200;14;26;48,3;153;52,5;13,41
200;1;448;135,6;261;52,5;13,42
200;2;232;135,6;229;52,5;13,42
200;3;160;135,6;233;52,5;13,42
200;4;126;135,6;266;52,5;13,42
200;5;103;135,6;216;52,5;13,42
200;6;89;135,6;236;52,5;13,42
200;7;79;135,6;220;52,5;13,42
200;8;74;135,6;275;52,5;13,42
200;9;66;135,6;221;52,5;13,42
200;10;62;135,6;254;52,5;13,42
200;11;59;135,6;237;52,5;13,42
200;12;57;135,6;240;52,5;13,42
200;13;54;135,6;227;52,5;13,42
200;14;52;135,6;237;52,5;13,42
200;1;619;29;388;52,5;13,43
200;2;322;29;373;52,5;13,43
200;3;234;29;406;52,5;13,43
200;4;184;29;400;52,5;13,43
200;5;158;29;349;52,5;13,43
200;6;142;29;391;52,5;13,43
200;7;128;29;389;52,5;13,43
200;8;121;29;419;52,5;13,43
200;9;116;29;403;52,5;13,43
200;10;109;29;378;52,5;13,43
200;11;106;29;427;52,5;13,43
200;12;101;29;430;52,5;13,43
200;13;100;29;432;52,5;13,43
200;14;96;29;417;52,5;13,43
200;1;2174;6,3;3471;52,5;13,44
200;2;1402;6,3;3873;52,5;13,44
200;3;1143;6,3;3912;52,5;13,44
200;4;1020;6,3;3379;52,5;13,44
200;5;945;6,3;3166;52,5;13,44
200;6;901;6,3;3097;52,5;13,44
200;7;872;6,3;3173;52,5;13,44
200;8;841;6,3;3062;52,5;13,44
200;9;823;6,3;3100;52,5;13,44
200;10;812;6,3;3284;52,5;13,44
200;11;800;6,3;3050;52,5;13,44
200;12;795;6,3;2797;52,5;13,44
200;13;792;6,3;3141;52,5;13,44
200;14;783;6,3;3241;52,5;13,44
400;1;1718;218,1;2413;52,5;13,45
400;2;1030;218,1;2320;52,5;13,45
400;3;806;218,1;2320;52,5;13,45
400;4;707;218,1;2407;52,5;13,45
400;5;641;218,1;2371;52,5;13,45
400;6;600;218,1;2766;52,5;13,45
400;7;578;218,1;2590;52,5;13,45
400;8;561;218,1;2464;52,5;13,45
400;9;542;218,1;2235;52,5;13,45
400;10;531;218,1;2287;52,5;13,45
400;11;524;218,1;2613;52,5;13,45
400;12;515;218,1;2721;52,5;13,45
400;13;507;218,1;3101;52,5;13,45
400;14;504;218,1;2568;52,5;13,45
200;1;816;41,2;905;52,5;13,46
200;2;467;41,2;874;52,5;13,46
200;3;355;41,2;1032;52,5;13,46
200;4;296;41,2;885;52,5;13,46
200;5;269;41,2;885;52,5;13,46
200;6;245;41,2;845;52,5;13,46
200;7;237;41,2;897;52,5;13,46
200;8;226;41,2;846;52,5;13,46
200;9;217;41,2;882;52,5;13,46
200;10;212;41,2;849;52,5;13,46
200;11;209;41,2;951;52,5;13,46
200;12;205;41,2;803;52,5;13,46
200;13;204;41,2;840;52,5;13,46
200;14;204;41,2;798;52,5;13,46
200;1;119;202,3;92;52,5;13,47
200;2;58;202,3;73;52,5;13,47
200;3;39;202,3;70;52,5;13,47
200;4;28;202,3;97;52,5;13,47
200;5;23;202,3;71;52,5;13,47
200;6;19;202,3;73;52,5;13,47
200;7;17;202,3;81;52,5;13,47
200;8;15;202,3;73;52,5;13,47
200;9;14;202,3;90;52,5;13,47
200;10;13;202,3;77;52,5;13,47
200;11;11;202,3;69;52,5;13,47
200;12;10;202,3;63;52,5;13,47
200;13;10;202,3;76;52,5;13,47
200;14;9;202,3;82;52,5;13,47
200;1;801;184,7;894;52,5;13,48
200;2;458;184,7;839;52,5;13,48
200;3;347;184,7;912;52,5;13,48
200;4;285;184,7;844;52,5;13,48
200;5;260;184,7;894;52,5;13,48
200;6;236;184,7;914;52,5;13,48
200;7;230;184,7;1013;52,5;13,48
200;8;201;184,7;836;52,5;13,48
200;9;200;184,7;2463;52,5;13,48
200;10;198;184,7;1159;52,5;13,48
200;11;197;184,7;1417;52,5;13,48
200;12;196;184,7;952;52,5;13,48
200;13;196;184,7;1097;52,5;13,48
200;14;195;184,7;1129;52,5;13,48
300;1;172;179,4;472;52,5;13,49
300;2;96;179,4;315;52,5;13,49
300;3;70;179,4;326;52,5;13,49
300;4;59;179,4;326;52,5;13,49
300;5;52;179,4;255;52,5;13,49
300;6;48;179,4;308;52,5;13,49
300;7;44;179,4;306;52,5;13,49
300;8;42;179,4;292;52,5;13,49
300;9;41;179,4;300;52,5;13,49
300;10;40;179,4;285;52,5;13,49
300;11;39;179,4;252;52,5;13,49
300;12;39;179,4;235;52,5;13,49
300;13;39;179,4;260;52,5;13,49
300;14;39;179,4;249;52,5;13,49
200;1;1522;73;1185;52,5;13,5
200;2;815;73;1122;52,5;13,5
200;3;586;73;1201;52,5;13,5
200;4;471;73;1136;52,5;13,5
200;5;410;73;1152;52,5;13,5
200;6;371;73;1161;52,5;13,5
200;7;348;73;1090;52,5;13,5
200;8;316;73;1284;52,5;13,5
200;9;309;73;1241;52,5;13,5
200;10;299;73;1275;52,5;13,5
200;11;293;73;1099;52,5;13,5
200;12;291;73;1171;52,5;13,5
200;13;288;73;1166;52,5;13,5
200;14;283;73;1120;52,5;13,5
200;1;415;24;183;52,5;13,51
200;2;209;24;141;52,5;13,51
200;3;139;24;170;52,5;13,51
200;4;103;24;129;52,5;13,51
200;5;83;24;134;52,5;13,51
200;6;71;24;149;52,5;13,51
200;7;62;24;133;52,5;13,51
200;8;54;24;139;52,5;13,51
200;9;50;24;147;52,5;13,51
200;10;43;24;146;52,5;13,51
200;11;40;24;131;52,5;13,51
200;12;37;24;123;52,5;13,51
200;13;36;24;199;52,5;13,51
200;14;34;24;237;52,5;13,51
200;1;1486;16,7;2556;52,51;13,3
200;2;1000;16,7;2500;52,51;13,3
200;3;842;16,7;2854;52,51;13,3
200;4;772;16,7;2591;52,51;13,3
200;5;728;16,7;2485;52,51;13,3
200;6;699;16,7;2560;52,51;13,3
200;7;682;16,7;2398;52,51;13,3
200;8;668;16,7;2321;52,51;13,3
200;9;656;16,7;2457;52,51;13,3
200;10;647;16,7;2480;52,51;13,3
200;11;643;16,7;2738;52,51;13,3
200;12;636;16,7;2479;52,51;13,3
200;13;631;16,7;2323;52,51;13,3
200;14;630;16,7;2366;52,51;13,3
200;1;1205;9,6;392;52,51;13,31
200;2;595;9,6;347;52,51;13,31
200;3;398;9,6;314;52,51;13,31
200;4;298;9,6;299;52,51;13,31
200;5;239;9,6;364;52,51;13,31
200;6;204;9,6;340;52,51;13,31
200;7;173;9,6;314;52,51;13,31
200;8;158;9,6;343;52,51;13,31
200;9;140;9,6;309;52,51;13,31
200;10;126;9,6;352;52,51;13,31
200;11;116;9,6;398;52,51;13,31
200;12;109;9,6;324;52,51;13,31
200;13;101;9,6;326;52,51;13,31
200;14;99;9,6;358;52,51;13,31
300;1;1548;391,6;891;52,51;13,32
300;2;795;391,6;765;52,51;13,32
300;3;551;391,6;728;52,51;13,32
300;4;432;391,6;751;52,51;13,32
300;5;358;391,6;812;52,51;13,32
300;6;312;391,6;800;52,51;13,32
300;7;282;391,6;764;52,51;13,32
300;8;256;391,6;761;52,51;13,32
300;9;240;391,6;757;52,51;13,32
300;10;220;391,6;789;52,51;13,32
300;11;213;391,6;735;52,51;13,32
300;12;204;391,6;794;52,51;13,32
300;13;194;391,6;873;52,51;13,32
300;14;190;391,6;871;52,51;13,32
400;1;683;296,4;920;52,51;13,33
400;2;409;296,4;959;52,51;13,33
400;3;318;296,4;987;52,51;13,33
400;4;274;296,4;859;52,51;13,33
400;5;246;296,4;837;52,51;13,33
400;6;229;296,4;902;52,51;13,33
400;7;219;296,4;810;52,51;13,33
400;8;206;296,4;858;52,51;13,33
400;9;201;296,4;850;52,51;13,33
400;10;197;296,4;893;52,51;13,33
400;11;191;296,4;814;52,51;13,33
400;12;188;296,4;855;52,51;13,33
400;13;185;296,4;848;52,51;13,33
400;14;184;296,4;810;52,51;13,33
600;1;735;654;1543;52,51;13,34
600;2;443;654;1531;52,51;13,34
600;3;350;654;1406;52,51;13,34
600;4;313;654;1544;52,51;13,34
600;5;289;654;1785;52,51;13,34
600;6;279;654;1546;52,51;13,34
600;7;271;654;1544;52,51;13,34
600;8;269;654;1730;52,51;13,34
600;9;267;654;2156;52,51;13,34
600;10;264;654;1574;52,51;13,34
600;11;264;654;1401;52,51;13,34
600;12;264;654;1382;52,51;13,34
600;13;262;654;1470;52,51;13,34
600;14;262;654;1399;52,51;13,34
300;1;334;255;668;52,51;13,35
300;2;210;255;712;52,51;13,35
300;3;170;255;667;52,51;13,35
300;4;153;255;679;52,51;13,35
300;5;143;255;707;52,51;13,35
300;6;137;255;666;52,51;13,35
300;7;135;255;666;52,51;13,35
300;8;134;255;695;52,51;13,35
300;9;133;255;716;52,51;13,35
300;10;132;255;626;52,51;13,35
300;11;132;255;704;52,51;13,35
300;12;131;255;721;52,51;13,35
300;13;131;255;608;52,51;13,35
300;14;131;255;718;52,51;13,35
700;1;566;830,6;1686;52,51;13,36
700;2;392;830,6;1640;52,51;13,36
700;3;340;830,6;1690;52,51;13,36
700;4;313;830,6;1642;52,51;13,36
700;5;303;830,6;1705;52,51;13,36
700;6;291;830,6;1590;52,51;13,36
700;7;287;830,6;1516;52,51;13,36
700;8;283;830,6;1541;52,51;13,36
700;9;281;830,6;1652;52,51;13,36
700;10;280;830,6;1470;52,51;13,36
700;11;279;830,6;1538;52,51;13,36
700;12;278;830,6;1644;52,51;13,36
700;13;278;830,6;1628;52,51;13,36
700;14;278;830,6;1531;52,51;13,36
500;1;174;462,9;747;52,51;13,37
500;2;144;462,9;813;52,51;13,37
500;3;136;462,9;721;52,51;13,37
500;4;132;462,9;755;52,51;13,37
500;5;131;462,9;801;52,51;13,37
500;6;129;462,9;785;52,51;13,37
500;7;129;462,9;722;52,51;13,37
500;8;129;462,9;705;52,51;13,37
500;9;129;462,9;797;52,51;13,37
500;10;129;462,9;883;52,51;13,37
500;11;129;462,9;880;52,51;13,37
500;12;129;462,9;1001;52,51;13,37
500;13;129;462,9;827;52,51;13,37
500;14;129;462,9;732;52,51;13,37
400;1;598;339,8;418;52,51;13,38
400;2;313;339,8;376;52,51;13,38
400;3;218;339,8;378;52,51;13,38
400;4;174;339,8;377;52,51;13,38
400;5;146;339,8;358;52,51;13,38
400;6;127;339,8;380;52,51;13,38
400;7;116;339,8;394;52,51;13,38
400;8;107;339,8;409;52,51;13,38
400;9;99;339,8;377;52,51;13,38
400;10;93;339,8;335;52,51;13,38
400;11;89;339,8;398;52,51;13,38
400;12;84;339,8;368;52,51;13,38
400;13;81;339,8;406;52,51;13,38
400;14;79;339,8;374;52,51;13,38
200;1;604;28,9;481;52,51;13,39
200;2;345;28,9;479;52,51;13,39
200;3;257;28,9;641;52,51;13,39
200;4;214;28,9;581;52,51;13,39
200;5;188;28,9;536;52,51;13,39
200;6;171;28,9;517;52,51;13,39
200;7;159;28,9;518;52,51;13,39
200;8;150;28,9;491;52,51;13,39
200;9;142;28,9;584;52,51;13,39
200;10;138;28,9;501;52,51;13,39
200;11;133;28,9;501;52,51;13,39
200;12;128;28,9;605;52,51;13,39
200;13;125;28,9;563;52,51;13,39
200;14;123;28,9;612;52,51;13,39
200;1;666;82,1;356;52,51;13,4
200;2;353;82,1;445;52,51;13,4
200;3;250;82,1;360;52,51;13,4
200;4;199;82,1;398;52,51;13,4
200;5;169;82,1;373;52,51;13,4
200;6;150;82,1;366;52,51;13,4
200;7;134;82,1;360;52,51;13,4
200;8;124;82,1;347;52,51;13,4
200;9;117;82,1;388;52,51;13,4
200;10;110;82,1;538;52,51;13,4
200;11;104;82,1;517;52,51;13,4
200;12;101;82,1;564;52,51;13,4
200;13;98;82,1;352;52,51;13,4
200;14;92;82,1;354;52,51;13,4
200;1;672;91;778;52,51;13,41
200;2;378;91;775;52,51;13,41
200;3;287;91;808;52,51;13,41
200;4;240;91;887;52,51;13,41
200;5;222;91;778;52,51;13,41
200;6;203;91;688;52,51;13,41
200;7;194;91;809;52,51;13,41
200;8;187;91;724;52,51;13,41
200;9;181;91;720;52,51;13,41
200;10;178;91;737;52,51;13,41
200;11;175;91;692;52,51;13,41
200;12;172;91;721;52,51;13,41
200;13;170;91;686;52,51;13,41
200;14;168;91;678;52,51;13,41
200;1;595;2,9;602;52,51;13,42
200;2;349;2,9;560;52,51;13,42
200;3;267;2,9;601;52,51;13,42
200;4;228;2,9;586;52,51;13,42
200;5;205;2,9;535;52,51;13,42
200;6;188;2,9;541;52,51;13,42
200;7;179;2,9;588;52,51;13,42
200;8;169;2,9;532;52,51;13,42
200;9;163;2,9;564;52,51;13,42
200;10;159;2,9;580;52,51;13,42
200;11;155;2,9;571;52,51;13,42
200;12;151;2,9;628;52,51;13,42
200;13;149;2,9;592;52,51;13,42
200;14;148;2,9;569;52,51;13,42
200;1;992;6,4;731;52,51;13,43
200;2;545;6,4;711;52,51;13,43
200;3;402;6,4;760;52,51;13,43
200;4;334;6,4;715;52,51;13,43
200;5;292;6,4;753;52,51;13,43
200;6;265;6,4;785;52,51;13,43
200;7;249;6,4;880;52,51;13,43
200;8;232;6,4;782;52,51;13,43
200;9;224;6,4;678;52,51;13,43
200;10;216;6,4;764;52,51;13,43
200;11;214;6,4;825;52,51;13,43
200;12;207;6,4;875;52,51;13,43
200;13;199;6,4;886;52,51;13,43
200;14;198;6,4;1259;52,51;13,43
500;1;597;432,7;1183;52,51;13,44
500;2;337;432,7;1021;52,51;13,44
500;3;255;432,7;914;52,51;13,44
500;4;213;432,7;903;52,51;13,44
500;5;189;432,7;832;52,51;13,44
500;6;180;432,7;907;52,51;13,44
500;7;171;432,7;998;52,51;13,44
500;8;165;432,7;944;52,51;13,44
500;9;161;432,7;917;52,51;13,44
500;10;158;432,7;885;52,51;13,44
500;11;157;432,7;881;52,51;13,44
500;12;156;432,7;855;52,51;13,44
500;13;156;432,7;914;52,51;13,44
500;14;155;432,7;887;52,51;13,44
200;1;561;5,9;555;52,51;13,45
200;2;306;5,9;491;52,51;13,45
200;3;219;5,9;543;52,51;13,45
200;4;181;5,9;494;52,51;13,45
200;5;158;5,9;493;52,51;13,45
200;6;142;5,9;548;52,51;13,45
200;7;135;5,9;541;52,51;13,45
200;8;127;5,9;520;52,51;13,45
200;9;121;5,9;531;52,51;13,45
200;10;119;5,9;526;52,51;13,45
200;11;118;5,9;527;52,51;13,45
200;12;114;5,9;632;52,51;13,45
200;13;113;5,9;531;52,51;13,45
200;14;111;5,9;564;52,51;13,45
200;1;881;41,6;1965;52,51;13,46
200;2;643;41,6;2088;52,51;13,46
200;3;565;41,6;2109;52,51;13,46
200;4;529;41,6;2024;52,51;13,46
200;5;505;41,6;1882;52,51;13,46
200;6;491;41,6;1814;52,51;13,46
200;7;481;41,6;1928;52,51;13,46
200;8;472;41,6;2176;52,51;13,46
200;9;468;41,6;1782;52,51;13,46
200;10;460;41,6;1868;52,51;13,46
200;11;458;41,6;1787;52,51;13,46
200;12;456;41,6;1953;52,51;13,46
200;13;450;41,6;1897;52,51;13,46
200;14;449;41,6;2278;52,51;13,46
200;1;726;5,6;954;52,51;13,47
200;2;410;5,6;926;52,51;13,47
200;3;315;5,6;783;52,51;13,47
200;4;266;5,6;792;52,51;13,47
200;5;241;5,6;710;52,51;13,47
200;6;220;5,6;717;52,51;13,47
200;7;210;5,6;806;52,51;13,47
200;8;200;5,6;756;52,51;13,47
200;9;192;5,6;804;52,51;13,47
200;10;187;5,6;716;52,51;13,47
200;11;183;5,6;772;52,51;13,47
200;12;181;5,6;778;52,51;13,47
200;13;179;5,6;723;52,51;13,47
200;14;175;5,6;734;52,51;13,47
200;1;871;73,8;481;52,51;13,48
200;2;430;73,8;554;52,51;13,48
200;3;287;73,8;511;52,51;13,48
200;4;210;73,8;490;52,51;13,48
200;5;167;73,8;510;52,51;13,48
200;6;147;73,8;530;52,51;13,48
200;7;128;73,8;572;52,51;13,48
200;8;108;73,8;455;52,51;13,48
200;9;103;73,8;445;52,51;13,48
200;10;100;73,8;438;52,51;13,48
200;11;98;73,8;468;52,51;13,48
200;12;96;73,8;459;52,51;13,48
200;13;95;73,8;503;52,51;13,48
200;14;95;73,8;463;52,51;13,48
400;1;1793;273,4;2570;52,51;13,49
400;2;1087;273,4;2444;52,51;13,49
400;3;859;273,4;2530;52,51;13,49
400;4;740;273,4;2404;52,51;13,49
400;5;693;273,4;2406;52,51;13,49
400;6;640;273,4;2599;52,51;13,49
400;7;625;273,4;2490;52,51;13,49
400;8;585;273,4;3081;52,51;13,49
400;9;578;273,4;3544;52,51;13,49
400;10;574;273,4;3949;52,51;13,49
400;11;565;273,4;5477;52,51;13,49
400;12;562;273,4;5987;52,51;13,49
400;13;560;273,4;3243;52,51;13,49
400;14;559;273,4;2672;52,51;13,49
200;1;281;86,9;428;52,51;13,5
200;2;159;86,9;402;52,51;13,5
200;3;121;86,9;541;52,51;13,5
200;4;106;86,9;816;52,51;13,5
200;5;92;86,9;450;52,51;13,5
200;6;88;86,9;460;52,51;13,5
200;7;80;86,9;757;52,51;13,5
200;8;79;86,9;332;52,51;13,5
200;9;74;86,9;316;52,51;13,5
200;10;74;86,9;316;52,51;13,5
200;11;74;86,9;321;52,51;13,5
200;12;73;86,9;472;52,51;13,5
200;13;71;86,9;390;52,51;13,5
200;14;70;86,9;348;52,51;13,5
200;1;1734;0,8;920;52,51;13,51
200;2;874;0,8;896;52,51;13,51
200;3;595;0,8;1081;52,51;13,51
200;4;463;0,8;1201;52,51;13,51
200;5;384;0,8;1176;52,51;13,51
200;6;338;0,8;1225;52,51;13,51
200;7;310;0,8;951;52,51;13,51
200;8;277;0,8;1089;52,51;13,51
200;9;261;0,8;1100;52,51;13,51
200;10;252;0,8;942;52,51;13,51
200;11;249;0,8;961;52,51;13,51
200;12;240;0,8;916;52,51;13,51
200;13;234;0,8;1048;52,51;13,51
200;14;234;0,8;987;52,51;13,51
200;1;452;77,1;927;52,52;13,3
200;2;303;77,1;778;52,52;13,3
200;3;252;77,1;873;52,52;13,3
200;4;230;77,1;752;52,52;13,3
200;5;216;77,1;897;52,52;13,3
200;6;204;77,1;791;52,52;13,3
200;7;200;77,1;845;52,52;13,3
200;8;196;77,1;808;52,52;13,3
200;9;192;77,1;780;52,52;13,3
200;10;191;77,1;854;52,52;13,3
200;11;189;77,1;890;52,52;13,3
200;12;187;77,1;885;52,52;13,3
200;13;187;77,1;841;52,52;13,3
200;14;187;77,1;849;52,52;13,3
300;1;130;202,5;390;52,52;13,31
300;2;92;202,5;391;52,52;13,31
300;3;79;202,5;451;52,52;13,31
300;4;73;202,5;393;52,52;13,31
300;5;69;202,5;471;52,52;13,31
300;6;67;202,5;375;52,52;13,31
300;7;65;202,5;522;52,52;13,31
300;8;64;202,5;442;52,52;13,31
300;9;64;202,5;441;52,52;13,31
300;10;64;202,5;424;52,52;13,31
300;11;64;202,5;460;52,52;13,31
300;12;64;202,5;372;52,52;13,31
300;13;64;202,5;355;52,52;13,31
300;14;64;202,5;510;52,52;13,31
200;1;718;52,5;1714;52,52;13,32
200;2;531;52,5;1683;52,52;13,32
200;3;479;52,5;1933;52,52;13,32
200;4;453;52,5;1781;52,52;13,32
200;5;439;52,5;1779;52,52;13,32
200;6;430;52,5;1665;52,52;13,32
200;7;424;52,5;1601;52,52;13,32
200;8;421;52,5;1666;52,52;13,32
200;9;416;52,5;1582;52,52;13,32
200;10;414;52,5;1616;52,52;13,32
200;11;412;52,5;1600;52,52;13,32
200;12;411;52,5;1602;52,52;13,32
200;13;408;52,5;1803;52,52;13,32
200;14;406;52,5;1633;52,52;13,32
200;1;240;2,4;420;52,52;13,33
200;2;146;2,4;372;52,52;13,33
200;3;116;2,4;329;52,52;13,33
200;4;101;2,4;376;52,52;13,33
200;5;94;2,4;352;52,52;13,33
200;6;86;2,4;383;52,52;13,33
200;7;84;2,4;378;52,52;13,33
200;8;83;2,4;399;52,52;13,33
200;9;80;2,4;381;52,52;13,33
200;10;79;2,4;361;52,52;13,33
200;11;78;2,4;348;52,52;13,33
200;12;78;2,4;375;52,52;13,33
200;13;78;2,4;353;52,52;13,33
200;14;77;2,4;363;52,52;13,33
300;1;573;225,7;914;52,52;13,34
300;2;342;225,7;816;52,52;13,34
300;3;268;225,7;886;52,52;13,34
300;4;235;225,7;863;52,52;13,34
300;5;216;225,7;836;52,52;13,34
300;6;204;225,7;950;52,52;13,34
300;7;194;225,7;1014;52,52;13,34
300;8;192;225,7;877;52,52;13,34
300;9;189;225,7;860;52,52;13,34
300;10;187;225,7;853;52,52;13,34
300;11;185;225,7;925;52,52;13,34
300;12;183;225,7;838;52,52;13,34
300;13;183;225,7;955;52,52;13,34
300;14;181;225,7;877;52,52;13,34
200;1;84;82,7;92;52,52;13,35
200;2;42;82,7;68;52,52;13,35
200;3;28;82,7;79;52,52;13,35
200;4;20;82,7;68;52,52;13,35
200;5;17;82,7;79;52,52;13,35
200;6;14;82,7;79;52,52;13,35
200;7;12;82,7;75;52,52;13,35
200;8;9;82,7;66;52,52;13,35
200;9;9;82,7;60;52,52;13,35
200;10;9;82,7;65;52,52;13,35
200;11;7;82,7;66;52,52;13,35
200;12;6;82,7;59;52,52;13,35
200;13;6;82,7;77;52,52;13,35
200;14;6;82,7;100;52,52;13,35
300;1;426;157,7;850;52,52;13,36
300;2;269;157,7;745;52,52;13,36
300;3;218;157,7;681;52,52;13,36
300;4;193;157,7;761;52,52;13,36
300;5;176;157,7;889;52,52;13,36
300;6;170;157,7;886;52,52;13,36
300;7;164;157,7;1194;52,52;13,36
300;8;160;157,7;845;52,52;13,36
300;9;158;157,7;831;52,52;13,36
300;10;153;157,7;793;52,52;13,36
300;11;153;157,7;748;52,52;13,36
300;12;152;157,7;748;52,52;13,36
300;13;150;157,7;820;52,52;13,36
300;14;150;157,7;694;52,52;13,36
800;1;962;729,4;1494;52,52;13,37
800;2;527;729,4;1449;52,52;13,37
800;3;385;729,4;1482;52,52;13,37
800;4;316;729,4;1468;52,52;13,37
800;5;283;729,4;1424;52,52;13,37
800;6;261;729,4;1536;52,52;13,37
800;7;245;729,4;1457;52,52;13,37
800;8;237;729,4;1410;52,52;13,37
800;9;234;729,4;1422;52,52;13,37
800;10;228;729,4;1462;52,52;13,37
800;11;227;729,4;1519;52,52;13,37
800;12;225;729,4;1643;52,52;13,37
800;13;224;729,4;1706;52,52;13,37
800;14;223;729,4;1433;52,52;13,37
300;1;219;206,3;301;52,52;13,38
300;2;112;206,3;283;52,52;13,38
300;3;73;206,3;224;52,52;13,38
300;4;56;206,3;231;52,52;13,38
300;5;46;206,3;285;52,52;13,38
300;6;42;206,3;223;52,52;13,38
300;7;37;206,3;232;52,52;13,38
300;8;35;206,3;214;52,52;13,38
300;9;35;206,3;260;52,52;13,38
300;10;33;206,3;226;52,52;13,38
300;11;33;206,3;259;52,52;13,38
300;12;31;206,3;221;52,52;13,38
300;13;31;206,3;238;52,52;13,38
300;14;31;206,3;208;52,52;13,38
200;1;814;4,1;1239;52,52;13,39
200;2;526;4,1;1210;52,52;13,39
200;3;437;4,1;1288;52,52;13,39
200;4;390;4,1;1207;52,52;13,39
200;5;366;4,1;1243;52,52;13,39
200;6;348;4,1;1276;52,52;13,39
200;7;340;4,1;1193;52,52;13,39
200;8;328;4,1;1197;52,52;13,39
200;9;324;4,1;1223;52,52;13,39
200;10;320;4,1;1212;52,52;13,39
200;11;314;4,1;1243;52,52;13,39
200;12;312;4,1;1270;52,52;13,39
200;13;310;4,1;1204;52,52;13,39
200;14;309;4,1;1765;52,52;13,39
400;1;839;314,6;1389;52,52;13,4
400;2;475;314,6;971;52,52;13,4
400;3;358;314,6;886;52,52;13,4
400;4;300;314,6;983;52,52;13,4
400;5;265;314,6;842;52,52;13,4
400;6;242;314,6;937;52,52;13,4
400;7;226;314,6;861;52,52;13,4
400;8;215;314,6;845;52,52;13,4
400;9;205;314,6;856;52,52;13,4
400;10;199;314,6;928;52,52;13,4
400;11;193;314,6;899;52,52;13,4
400;12;189;314,6;873;52,52;13,4
400;13;186;314,6;827;52,52;13,4
400;14;182;314,6;885;52,52;13,4
300;1;350;399,9;327;52,52;13,41
300;2;188;399,9;314;52,52;13,41
300;3;133;399,9;361;52,52;13,41
300;4;110;399,9;366;52,52;13,41
300;5;93;399,9;366;52,52;13,41
300;6;83;399,9;390;52,52;13,41
300;7;77;399,9;314;52,52;13,41
300;8;73;399,9;342;52,52;13,41
300;9;68;399,9;333;52,52;13,41
300;10;67;399,9;324;52,52;13,41
300;11;64;399,9;384;52,52;13,41
300;12;62;399,9;328;52,52;13,41
300;13;61;399,9;344;52,52;13,41
300;14;60;399,9;346;52,52;13,41
200;1;905;15;1480;52,52;13,42
200;2;596;15;1354;52,52;13,42
200;3;498;15;1467;52,52;13,42
200;4;448;15;1549;52,52;13,42
200;5;425;15;1528;52,52;13,42
200;6;407;15;1513;52,52;13,42
200;7;396;15;1430;52,52;13,42
200;8;386;15;1372;52,52;13,42
200;9;380;15;1451;52,52;13,42
200;10;375;15;1444;52,52;13,42
200;11;371;15;1385;52,52;13,42
200;12;367;15;1376;52,52;13,42
200;13;364;15;1407;52,52;13,42
200;14;362;15;1485;52,52;13,42
200;1;751;42,7;923;52,52;13,43
200;2;444;42,7;1023;52,52;13,43
200;3;344;42,7;854;52,52;13,43
200;4;295;42,7;938;52,52;13,43
200;5;263;42,7;965;52,52;13,43
200;6;251;42,7;815;52,52;13,43
200;7;231;42,7;809;52,52;13,43
200;8;224;42,7;873;52,52;13,43
200;9;218;42,7;824;52,52;13,43
200;10;213;42,7;820;52,52;13,43
200;11;209;42,7;795;52,52;13,43
200;12;207;42,7;830;52,52;13,43
200;13;205;42,7;1054;52,52;13,43
200;14;201;42,7;1048;52,52;13,43
300;1;1356;220,7;1580;52,52;13,44
300;2;748;220,7;1768;52,52;13,44
300;3;546;220,7;1388;52,52;13,44
300;4;448;220,7;1294;52,52;13,44
300;5;398;220,7;1325;52,52;13,44
300;6;356;220,7;1275;52,52;13,44
300;7;343;220,7;1427;52,52;13,44
300;8;324;220,7;1527;52,52;13,44
300;9;310;220,7;1288;52,52;13,44
300;10;304;220,7;1250;52,52;13,44
300;11;299;220,7;1331;52,52;13,44
300;12;291;220,7;1245;52,52;13,44
300;13;287;220,7;1230;52,52;13,44
300;14;287;220,7;1301;52,52;13,44
200;1;858;17,4;673;52,52;13,45
200;2;443;17,4;722;52,52;13,45
200;3;314;17,4;592;52,52;13,45
200;4;237;17,4;695;52,52;13,45
200;5;210;17,4;637;52,52;13,45
200;6;185;17,4;758;52,52;13,45
200;7;178;17,4;706;52,52;13,45
200;8;158;17,4;687;52,52;13,45
200;9;155;17,4;606;52,52;13,45
200;10;151;17,4;610;52,52;13,45
200;11;148;17,4;661;52,52;13,45
200;12;147;17,4;621;52,52;13,45
200;13;147;17,4;712;52,52;13,45
200;14;146;17,4;671;52,52;13,45
300;1;685;117,1;985;52,52;13,46
300;2;389;117,1;818;52,52;13,46
300;3;296;117,1;824;52,52;13,46
300;4;246;117,1;845;52,52;13,46
300;5;222;117,1;839;52,52;13,46
300;6;208;117,1;803;52,52;13,46
300;7;201;117,1;919;52,52;13,46
300;8;184;117,1;799;52,52;13,46
300;9;181;117,1;807;52,52;13,46
300;10;179;117,1;792;52,52;13,46
300;11;176;117,1;869;52,52;13,46
300;12;175;117,1;855;52,52;13,46
300;13;175;117,1;820;52,52;13,46
300;14;175;117,1;838;52,52;13,46
200;1;351;23,6;504;52,52;13,47
200;2;216;23,6;450;52,52;13,47
200;3;172;23,6;503;52,52;13,47
200;4;150;23,6;478;52,52;13,47
200;5;136;23,6;494;52,52;13,47
200;6;127;23,6;469;52,52;13,47
200;7;121;23,6;495;52,52;13,47
200;8;118;23,6;513;52,52;13,47
200;9;111;23,6;517;52,52;13,47
200;10;110;23,6;467;52,52;13,47
200;11;107;23,6;509;52,52;13,47
200;12;106;23,6;428;52,52;13,47
200;13;104;23,6;467;52,52;13,47
200;14;104;23,6;476;52,52;13,47
200;1;1298;14;1594;52,52;13,48
200;2;723;14;1327;52,52;13,48
200;3;548;14;1414;52,52;13,48
200;4;462;14;1258;52,52;13,48
200;5;412;14;1378;52,52;13,48
200;6;385;14;1413;52,52;13,48
200;7;369;14;1469;52,52;13,48
200;8;352;14;1300;52,52;13,48
200;9;341;14;1153;52,52;13,48
200;10;334;14;1225;52,52;13,48
200;11;329;14;1249;52,52;13,48
200;12;325;14;1293;52,52;13,48
200;13;320;14;1267;52,52;13,48
200;14;318;14;1220;52,52;13,48
300;1;361;594,1;295;52,52;13,49
300;2;176;594,1;272;52,52;13,49
300;3;119;594,1;323;52,52;13,49
300;4;85;594,1;264;52,52;13,49
300;5;74;594,1;291;52,52;13,49
300;6;61;594,1;275;52,52;13,49
300;7;57;594,1;296;52,52;13,49
300;8;48;594,1;270;52,52;13,49
300;9;47;594,1;291;52,52;13,49
300;10;43;594,1;308;52,52;13,49
300;11;42;594,1;257;52,52;13,49
300;12;42;594,1;281;52,52;13,49
300;13;41;594,1;278;52,52;13,49
300;14;41;594,1;309;52,52;13,49
400;1;10;386,7;213;52,52;13,5
400;2;5;386,7;191;52,52;13,5
400;3;4;386,7;171;52,52;13,5
400;4;3;386,7;186;52,52;13,5
400;5;2;386,7;168;52,52;13,5
400;6;2;386,7;133;52,52;13,5
400;7;2;386,7;169;52,52;13,5
400;8;2;386,7;162;52,52;13,5
400;9;2;386,7;165;52,52;13,5
400;10;2;386,7;166;52,52;13,5
400;11;2;386,7;155;52,52;13,5
400;12;2;386,7;148;52,52;13,5
400;13;2;386,7;188;52,52;13,5
400;14;2;386,7;152;52,52;13,5
600;1;149;763,7;701;52,52;13,51
600;2;86;763,7;476;52,52;13,51
600;3;64;763,7;400;52,52;13,51
600;4;55;763,7;432;52,52;13,51
600;5;50;763,7;443;52,52;13,51
600;6;44;763,7;416;52,52;13,51
600;7;42;763,7;448;52,52;13,51
600;8;40;763,7;444;52,52;13,51
600;9;39;763,7;443;52,52;13,51
600;10;38;763,7;395;52,52;13,51
600;11;37;763,7;408;52,52;13,51
600;12;36;763,7;434;52,52;13,51
600;13;35;763,7;430;52,52;13,51
600;14;35;763,7;453;52,52;13,51
200;1;711;43,9;520;52,53;13,3
200;2;378;43,9;534;52,53;13,3
200;3;270;43,9;491;52,53;13,3
200;4;219;43,9;511;52,53;13,3
200;5;180;43,9;492;52,53;13,3
200;6;164;43,9;523;52,53;13,3
200;7;151;43,9;513;52,53;13,3
200;8;144;43,9;555;52,53;13,3
200;9;134;43,9;465;52,53;13,3
200;10;127;43,9;498;52,53;13,3
200;11;125;43,9;490;52,53;13,3
200;12;120;43,9;516;52,53;13,3
200;13;119;43,9;479;52,53;13,3
200;14;118;43,9;535;52,53;13,3
200;1;243;76,9;81;52,53;13,31
200;2;122;76,9;67;52,53;13,31
200;3;82;76,9;58;52,53;13,31
200;4;62;76,9;63;52,53;13,31
200;5;49;76,9;64;52,53;13,31
200;6;41;76,9;73;52,53;13,31
200;7;35;76,9;73;52,53;13,31
200;8;31;76,9;62;52,53;13,31
200;9;28;76,9;63;52,53;13,31
200;10;25;76,9;70;52,53;13,31
200;11;23;76,9;69;52,53;13,31
200;12;21;76,9;62;52,53;13,31
200;13;20;76,9;74;52,53;13,31
200;14;18;76,9;67;52,53;13,31
200;1;337;128,1;269;52,53;13,32
200;2;193;128,1;284;52,53;13,32
200;3;144;128,1;363;52,53;13,32
200;4;120;128,1;281;52,53;13,32
200;5;105;128,1;277;52,53;13,32
200;6;96;128,1;336;52,53;13,32
200;7;89;128,1;291;52,53;13,32
200;8;84;128,1;325;52,53;13,32
200;9;80;128,1;303;52,53;13,32
200;10;77;128,1;290;52,53;13,32
200;11;75;128,1;257;52,53;13,32
200;12;73;128,1;316;52,53;13,32
200;13;71;128,1;299;52,53;13,32
200;14;70;128,1;340;52,53;13,32
200;1;134;465,4;311;52,53;13,33
200;2;85;465,4;288;52,53;13,33
200;3;70;465,4;318;52,53;13,33
200;4;64;465,4;269;52,53;13,33
200;5;59;465,4;312;52,53;13,33
200;6;58;465,4;286;52,53;13,33
200;7;56;465,4;275;52,53;13,33
200;8;54;465,4;276;52,53;13,33
200;9;54;465,4;318;52,53;13,33
200;10;53;465,4;315;52,53;13,33
200;11;53;465,4;260;52,53;13,33
200;12;53;465,4;332;52,53;13,33
200;13;53;465,4;279;52,53;13,33
200;14;53;465,4;281;52,53;13,33
200;1;1160;5,5;1181;52,53;13,34
200;2;645;5,5;1300;52,53;13,34
200;3;489;5,5;1304;52,53;13,34
200;4;405;5,5;1438;52,53;13,34
200;5;367;5,5;1408;52,53;13,34
200;6;334;5,5;1251;52,53;13,34
200;7;319;5,5;1209;52,53;13,34
200;8;303;5,5;1174;52,53;13,34
200;9;292;5,5;1119;52,53;13,34
200;10;282;5,5;1081;52,53;13,34
200;11;279;5,5;1124;52,53;13,34
200;12;277;5,5;1111;52,53;13,34
200;13;271;5,5;1127;52,53;13,34
200;14;270;5,5;1104;52,53;13,34
200;1;563;4,3;890;52,53;13,35
200;2;340;4,3;872;52,53;13,35
200;3;276;4,3;886;52,53;13,35
200;4;243;4,3;967;52,53;13,35
200;5;229;4,3;794;52,53;13,35
200;6;219;4,3;829;52,53;13,35
200;7;210;4,3;983;52,53;13,35
200;8;210;4,3;1056;52,53;13,35
200;9;208;4,3;906;52,53;13,35
200;10;204;4,3;1009;52,53;13,35
200;11;204;4,3;1037;52,53;13,35
200;12;204;4,3;862;52,53;13,35
200;13;203;4,3;881;52,53;13,35
200;14;203;4,3;854;52,53;13,35
300;1;311;340,6;353;52,53;13,36
300;2;164;340,6;284;52,53;13,36
300;3;116;340,6;298;52,53;13,36
300;4;93;340,6;276;52,53;13,36
300;5;79;340,6;327;52,53;13,36
300;6;71;340,6;325;52,53;13,36
300;7;65;340,6;273;52,53;13,36
300;8;62;340,6;282;52,53;13,36
300;9;57;340,6;353;52,53;13,36
300;10;56;340,6;323;52,53;13,36
300;11;52;340,6;315;52,53;13,36
300;12;51;340,6;328;52,53;13,36
300;13;49;340,6;294;52,53;13,36
300;14;49;340,6;332;52,53;13,36
400;1;269;821,5;363;52,53;13,37
400;2;141;821,5;330;52,53;13,37
400;3;98;821,5;348;52,53;13,37
400;4;78;821,5;343;52,53;13,37
400;5;67;821,5;311;52,53;13,37
400;6;57;821,5;327;52,53;13,37
400;7;53;821,5;362;52,53;13,37
400;8;48;821,5;329;52,53;13,37
400;9;44;821,5;425;52,53;13,37
400;10;43;821,5;321;52,53;13,37
400;11;41;821,5;322;52,53;13,37
400;12;40;821,5;349;52,53;13,37
400;13;38;821,5;392;52,53;13,37
400;14;38;821,5;328;52,53;13,37
300;1;136;660;388;52,53;13,38
300;2;77;660;308;52,53;13,38
300;3;58;660;290;52,53;13,38
300;4;50;660;296;52,53;13,38
300;5;45;660;261;52,53;13,38
300;6;43;660;273;52,53;13,38
300;7;39;660;273;52,53;13,38
300;8;39;660;297;52,53;13,38
300;9;38;660;267;52,53;13,38
300;10;38;660;269;52,53;13,38
300;11;37;660;243;52,53;13,38
300;12;37;660;263;52,53;13,38
300;13;37;660;268;52,53;13,38
300;14;36;660;249;52,53;13,38
200;1;1025;51;2070;52,53;13,39
200;2;729;51;1981;52,53;13,39
200;3;633;51;2102;52,53;13,39
200;4;589;51;1995;52,53;13,39
200;5;561;51;2396;52,53;13,39
200;6;541;51;2308;52,53;13,39
200;7;526;51;2026;52,53;13,39
200;8;520;51;1963;52,53;13,39
200;9;509;51;2093;52,53;13,39
200;10;509;51;2021;52,53;13,39
200;11;507;51;2030;52,53;13,39
200;12;503;51;2013;52,53;13,39
200;13;499;51;1956;52,53;13,39
200;14;497;51;2070;52,53;13,39
200;1;612;4,2;950;52,53;13,4
200;2;400;4,2;878;52,53;13,4
200;3;330;4,2;883;52,53;13,4
200;4;296;4,2;924;52,53;13,4
200;5;274;4,2;1090;52,53;13,4
200;6;261;4,2;910;52,53;13,4
200;7;251;4,2;947;52,53;13,4
200;8;245;4,2;847;52,53;13,4
200;9;240;4,2;878;52,53;13,4
200;10;234;4,2;977;52,53;13,4
200;11;231;4,2;914;52,53;13,4
200;12;230;4,2;847;52,53;13,4
200;13;227;4,2;889;52,53;13,4
200;14;226;4,2;875;52,53;13,4
200;1;1270;11,4;2291;52,53;13,41
200;2;821;11,4;2292;52,53;13,41
200;3;681;11,4;2117;52,53;13,41
200;4;611;11,4;2078;52,53;13,41
200;5;572;11,4;1949;52,53;13,41
200;6;548;11,4;1912;52,53;13,41
200;7;531;11,4;2320;52,53;13,41
200;8;521;11,4;2072;52,53;13,41
200;9;513;11,4;2238;52,53;13,41
200;10;504;11,4;2324;52,53;13,41
200;11;499;11,4;1926;52,53;13,41
200;12;495;11,4;1928;52,53;13,41
200;13;492;11,4;1988;52,53;13,41
200;14;489;11,4;1851;52,53;13,41
200;1;308;536,7;481;52,53;13,42
200;2;174;536,7;462;52,53;13,42
200;3;134;536,7;502;52,53;13,42
200;4;112;536,7;458;52,53;13,42
200;5;99;536,7;477;52,53;13,42
200;6;95;536,7;438;52,53;13,42
200;7;89;536,7;457;52,53;13,42
200;8;87;536,7;486;52,53;13,42
200;9;87;536,7;550;52,53;13,42
200;10;86;536,7;497;52,53;13,42
200;11;85;536,7;465;52,53;13,42
200;12;85;536,7;464;52,53;13,42
200;13;85;536,7;422;52,53;13,42
200;14;85;536,7;425;52,53;13,42
200;1;152;57,1;188;52,53;13,43
200;2;77;57,1;133;52,53;13,43
200;3;52;57,1;132;52,53;13,43
200;4;39;57,1;155;52,53;13,43
200;5;33;57,1;153;52,53;13,43
200;6;28;57,1;134;52,53;13,43
200;7;26;57,1;148;52,53;13,43
200;8;20;57,1;157;52,53;13,43
200;9;20;57,1;143;52,53;13,43
200;10;20;57,1;125;52,53;13,43
200;11;20;57,1;143;52,53;13,43
200;12;19;57,1;138;52,53;13,43
200;13;19;57,1;138;52,53;13,43
200;14;19;57,1;134;52,53;13,43
400;1;809;359,3;1125;52,53;13,44
400;2;475;359,3;1068;52,53;13,44
400;3;364;359,3;1123;52,53;13,44
400;4;305;359,3;1047;52,53;13,44
400;5;278;359,3;1150;52,53;13,44
400;6;258;359,3;1059;52,53;13,44
400;7;250;359,3;1062;52,53;13,44
400;8;231;359,3;1052;52,53;13,44
400;9;228;359,3;1032;52,53;13,44
400;10;225;359,3;1129;52,53;13,44
400;11;222;359,3;1073;52,53;13,44
400;12;221;359,3;1108;52,53;13,44
400;13;220;359,3;1026;52,53;13,44
400;14;218;359,3;1166;52,53;13,44
300;1;208;273,1;326;52,53;13,45
300;2;112;273,1;276;52,53;13,45
300;3;81;273,1;251;52,53;13,45
300;4;65;273,1;265;52,53;13,45
300;5;58;273,1;338;52,53;13,45
300;6;53;273,1;285;52,53;13,45
300;7;51;273,1;336;52,53;13,45
300;8;46;273,1;293;52,53;13,45
300;9;45;273,1;313;52,53;13,45
300;10;45;273,1;319;52,53;13,45
300;11;45;273,1;284;52,53;13,45
300;12;45;273,1;362;52,53;13,45
300;13;45;273,1;299;52,53;13,45
300;14;45;273,1;285;52,53;13,45
200;1;1494;44,7;2016;52,53;13,46
200;2;926;44,7;2078;52,53;13,46
200;3;745;44,7;2569;52,53;13,46
200;4;648;44,7;2009;52,53;13,46
200;5;601;44,7;2706;52,53;13,46
200;6;565;44,7;2530;52,53;13,46
200;7;543;44,7;2069;52,53;13,46
200;8;521;44,7;2010;52,53;13,46
200;9;513;44,7;2152;52,53;13,46
200;10;505;44,7;1926;52,53;13,46
200;11;496;44,7;1963;52,53;13,46
200;12;488;44,7;1938;52,53;13,46
200;13;484;44,7;1944;52,53;13,46
200;14;483;44,7;1991;52,53;13,46
200;1;1602;33,2;3310;52,53;13,47
200;2;1110;33,2;3124;52,53;13,47
200;3;939;33,2;3213;52,53;13,47
200;4;871;33,2;2984;52,53;13,47
200;5;829;33,2;3079;52,53;13,47
200;6;809;33,2;2953;52,53;13,47
200;7;793;33,2;2987;52,53;13,47
200;8;779;33,2;3081;52,53;13,47
200;9;771;33,2;2971;52,53;13,47
200;10;760;33,2;3536;52,53;13,47
200;11;756;33,2;3392;52,53;13,47
200;12;752;33,2;3107;52,53;13,47
200;13;749;33,2;3589;52,53;13,47
200;14;747;33,2;3038;52,53;13,47
300;1;1176;136,8;1504;52,53;13,48
300;2;699;136,8;1547;52,53;13,48
300;3;540;136,8;1573;52,53;13,48
300;4;467;136,8;1868;52,53;13,48
300;5;422;136,8;1468;52,53;13,48
300;6;397;136,8;1385;52,53;13,48
300;7;379;136,8;1369;52,53;13,48
300;8;362;136,8;1400;52,53;13,48
300;9;354;136,8;1342;52,53;13,48
300;10;348;136,8;1354;52,53;13,48
300;11;342;136,8;1387;52,53;13,48
300;12;334;136,8;1356;52,53;13,48
300;13;330;136,8;1462;52,53;13,48
300;14;329;136,8;1407;52,53;13,48
400;1;116;1440,8;474;52,53;13,49
400;2;80;1440,8;381;52,53;13,49
400;3;68;1440,8;401;52,53;13,49
400;4;62;1440,8;432;52,53;13,49
400;5;59;1440,8;367;52,53;13,49
400;6;57;1440,8;390;52,53;13,49
400;7;56;1440,8;369;52,53;13,49
400;8;53;1440,8;419;52,53;13,49
400;9;53;1440,8;381;52,53;13,49
400;10;52;1440,8;394;52,53;13,49
400;11;52;1440,8;419;52,53;13,49
400;12;52;1440,8;412;52,53;13,49
400;13;51;1440,8;409;52,53;13,49
400;14;51;1440,8;404;52,53;13,49
200;1;16;116,7;78;52,53;13,5
200;2;8;116,7;72;52,53;13,5
200;3;6;116,7;55;52,53;13,5
200;4;5;116,7;68;52,53;13,5
200;5;4;116,7;59;52,53;13,5
200;6;4;116,7;73;52,53;13,5
200;7;3;116,7;77;52,53;13,5
200;8;3;116,7;78;52,53;13,5
200;9;3;116,7;83;52,53;13,5
200;10;3;116,7;68;52,53;13,5
200;11;3;116,7;61;52,53;13,5
200;12;3;116,7;63;52,53;13,5
200;13;3;116,7;64;52,53;13,5
200;14;3;116,7;60;52,53;13,5
800;1;229;1424;795;52,53;13,51
800;2;126;1424;691;52,53;13,51
800;3;93;1424;629;52,53;13,51
800;4;77;1424;694;52,53;13,51
800;5;68;1424;696;52,53;13,51
800;6;64;1424;710;52,53;13,51
800;7;60;1424;684;52,53;13,51
800;8;58;1424;624;52,53;13,51
800;9;57;1424;651;52,53;13,51
800;10;56;1424;739;52,53;13,51
800;11;55;1424;797;52,53;13,51
800;12;55;1424;690;52,53;13,51
800;13;54;1424;725;52,53;13,51
800;14;54;1424;668;52,53;13,51
900;1;45;1167,3;565;52,54;13,3
900;2;22;1167,3;443;52,54;13,3
900;3;15;1167,3;445;52,54;13,3
900;4;10;1167,3;439;52,54;13,3
900;5;9;1167,3;426;52,54;13,3
900;6;8;1167,3;449;52,54;13,3
900;7;7;1167,3;450;52,54;13,3
900;8;6;1167,3;454;52,54;13,3
900;9;6;1167,3;474;52,54;13,3
900;10;6;1167,3;446;52,54;13,3
900;11;5;1167,3;474;52,54;13,3
900;12;5;1167,3;413;52,54;13,3
900;13;5;1167,3;409;52,54;13,3
900;14;5;1167,3;418;52,54;13,3
1300;1;1245;1845,2;2072;52,54;13,31
1300;2;719;1845,2;1971;52,54;13,31
1300;3;545;1845,2;1947;52,54;13,31
1300;4;458;1845,2;1955;52,54;13,31
1300;5;403;1845,2;1957;52,54;13,31
1300;6;371;1845,2;1929;52,54;13,31
1300;7;351;1845,2;1950;52,54;13,31
1300;8;334;1845,2;2200;52,54;13,31
1300;9;324;1845,2;1935;52,54;13,31
1300;10;314;1845,2;1940;52,54;13,31
1300;11;307;1845,2;1915;52,54;13,31
1300;12;302;1845,2;2227;52,54;13,31
1300;13;298;1845,2;2464;52,54;13,31
1300;14;293;1845,2;2147;52,54;13,31
1000;1;9;1541,3;578;52,54;13,32
1000;2;5;1541,3;504;52,54;13,32
1000;3;3;1541,3;521;52,54;13,32
1000;4;3;1541,3;481;52,54;13,32
1000;5;2;1541,3;520;52,54;13,32
1000;6;2;1541,3;522;52,54;13,32
1000;7;2;1541,3;509;52,54;13,32
1000;8;2;1541,3;489;52,54;13,32
1000;9;2;1541,3;481;52,54;13,32
1000;10;2;1541,3;480;52,54;13,32
1000;11;2;1541,3;485;52,54;13,32
1000;12;2;1541,3;506;52,54;13,32
1000;13;2;1541,3;473;52,54;13,32
1000;14;2;1541,3;513;52,54;13,32
900;1;431;973;961;52,54;13,33
900;2;242;973;850;52,54;13,33
900;3;182;973;916;52,54;13,33
900;4;152;973;848;52,54;13,33
900;5;136;973;842;52,54;13,33
900;6;123;973;961;52,54;13,33
900;7;118;973;1453;52,54;13,33
900;8;113;973;1505;52,54;13,33
900;9;107;973;991;52,54;13,33
900;10;104;973;855;52,54;13,33
900;11;103;973;859;52,54;13,33
900;12;101;973;836;52,54;13,33
900;13;100;973;824;52,54;13,33
900;14;100;973;790;52,54;13,33
500;1;1030;420,1;1346;52,54;13,34
500;2;605;420,1;1273;52,54;13,34
500;3;467;420,1;1273;52,54;13,34
500;4;403;420,1;1320;52,54;13,34
500;5;358;420,1;1298;52,54;13,34
500;6;335;420,1;1297;52,54;13,34
500;7;316;420,1;1281;52,54;13,34
500;8;304;420,1;1267;52,54;13,34
500;9;295;420,1;1317;52,54;13,34
500;10;288;420,1;1336;52,54;13,34
500;11;282;420,1;1254;52,54;13,34
500;12;279;420,1;1278;52,54;13,34
500;13;275;420,1;1521;52,54;13,34
500;14;269;420,1;1296;52,54;13,34
200;1;292;82,3;332;52,54;13,35
200;2;159;82,3;294;52,54;13,35
200;3;114;82,3;261;52,54;13,35
200;4;95;82,3;341;52,54;13,35
200;5;84;82,3;259;52,54;13,35
200;6;75;82,3;278;52,54;13,35
200;7;72;82,3;283;52,54;13,35
200;8;69;82,3;331;52,54;13,35
200;9;64;82,3;285;52,54;13,35
200;10;64;82,3;260;52,54;13,35
200;11;63;82,3;301;52,54;13,35
200;12;59;82,3;484;52,54;13,35
200;13;58;82,3;277;52,54;13,35
200;14;58;82,3;396;52,54;13,35
300;1;905;152,4;1113;52,54;13,36
300;2;523;152,4;1048;52,54;13,36
300;3;404;152,4;1139;52,54;13,36
300;4;351;152,4;1109;52,54;13,36
300;5;319;152,4;1128;52,54;13,36
300;6;295;152,4;1153;52,54;13,36
300;7;286;152,4;1132;52,54;13,36
300;8;272;152,4;1131;52,54;13,36
300;9;266;152,4;1080;52,54;13,36
300;10;261;152,4;1139;52,54;13,36
300;11;255;152,4;1194;52,54;13,36
300;12;252;152,4;1294;52,54;13,36
300;13;252;152,4;1292;52,54;13,36
300;14;251;152,4;1131;52,54;13,36
200;1;316;62;431;52,54;13,37
200;2;199;62;510;52,54;13,37
200;3;161;62;452;52,54;13,37
200;4;141;62;546;52,54;13,37
200;5;129;62;636;52,54;13,37
200;6;122;62;660;52,54;13,37
200;7;116;62;612;52,54;13,37
200;8;112;62;542;52,54;13,37
200;9;107;62;568;52,54;13,37
200;10;107;62;534;52,54;13,37
200;11;104;62;517;52,54;13,37
200;12;103;62;389;52,54;13,37
200;13;99;62;446;52,54;13,37
200;14;99;62;432;52,54;13,37
200;1;642;0,6;728;52,54;13,38
200;2;382;0,6;613;52,54;13,38
200;3;294;0,6;689;52,54;13,38
200;4;251;0,6;610;52,54;13,38
200;5;226;0,6;626;52,54;13,38
200;6;211;0,6;690;52,54;13,38
200;7;200;0,6;655;52,54;13,38
200;8;191;0,6;669;52,54;13,38
200;9;185;0,6;644;52,54;13,38
200;10;179;0,6;652;52,54;13,38
200;11;176;0,6;614;52,54;13,38
200;12;172;0,6;669;52,54;13,38
200;13;170;0,6;638;52,54;13,38
200;14;168;0,6;696;52,54;13,38
300;1;787;202,2;546;52,54;13,39
300;2;427;202,2;564;52,54;13,39
300;3;307;202,2;549;52,54;13,39
300;4;250;202,2;557;52,54;13,39
300;5;214;202,2;527;52,54;13,39
300;6;193;202,2;556;52,54;13,39
300;7;174;202,2;537;52,54;13,39
300;8;164;202,2;600;52,54;13,39
300;9;155;202,2;555;52,54;13,39
300;10;146;202,2;534;52,54;13,39
300;11;141;202,2;541;52,54;13,39
300;12;136;202,2;518;52,54;13,39
300;13;132;202,2;518;52,54;13,39
300;14;130;202,2;529;52,54;13,39
200;1;294;99,2;78;52,54;13,4
200;2;148;99,2;86;52,54;13,4
200;3;98;99,2;83;52,54;13,4
200;4;74;99,2;72;52,54;13,4
200;5;60;99,2;69;52,54;13,4
200;6;50;99,2;75;52,54;13,4
200;7;43;99,2;79;52,54;13,4
200;8;38;99,2;62;52,54;13,4
200;9;33;99,2;64;52,54;13,4
200;10;31;99,2;76;52,54;13,4
200;11;28;99,2;72;52,54;13,4
200;12;26;99,2;78;52,54;13,4
200;13;24;99,2;73;52,54;13,4
200;14;22;99,2;72;52,54;13,4
200;1;200;42,5;237;52,54;13,41
200;2;107;42,5;242;52,54;13,41
200;3;76;42,5;241;52,54;13,41
200;4;62;42,5;203;52,54;13,41
200;5;51;42,5;235;52,54;13,41
200;6;49;42,5;306;52,54;13,41
200;7;44;42,5;268;52,54;13,41
200;8;42;42,5;229;52,54;13,41
200;9;40;42,5;299;52,54;13,41
200;10;38;42,5;217;52,54;13,41
200;11;38;42,5;209;52,54;13,41
200;12;38;42,5;211;52,54;13,41
200;13;38;42,5;234;52,54;13,41
200;14;38;42,5;268;52,54;13,41
200;1;311;19,3;150;52,54;13,42
200;2;154;19,3;181;52,54;13,42
200;3;103;19,3;140;52,54;13,42
200;4;76;19,3;122;52,54;13,42
200;5;62;19,3;131;52,54;13,42
200;6;53;19,3;122;52,54;13,42
200;7;48;19,3;110;52,54;13,42
200;8;39;19,3;122;52,54;13,42
200;9;37;19,3;115;52,54;13,42
200;10;32;19,3;141;52,54;13,42
200;11;31;19,3;112;52,54;13,42
200;12;29;19,3;114;52,54;13,42
200;13;28;19,3;116;52,54;13,42
200;14;27;19,3;123;52,54;13,42
400;1;843;364,7;959;52,54;13,43
400;2;467;364,7;901;52,54;13,43
400;3;342;364,7;1013;52,54;13,43
400;4;284;364,7;839;52,54;13,43
400;5;247;364,7;938;52,54;13,43
400;6;233;364,7;861;52,54;13,43
400;7;224;364,7;834;52,54;13,43
400;8;203;364,7;927;52,54;13,43
400;9;198;364,7;921;52,54;13,43
400;10;195;364,7;818;52,54;13,43
400;11;192;364,7;870;52,54;13,43
400;12;188;364,7;873;52,54;13,43
400;13;187;364,7;1109;52,54;13,43
400;14;185;364,7;1660;52,54;13,43
200;1;600;316,2;786;52,54;13,44
200;2;336;316,2;805;52,54;13,44
200;3;250;316,2;737;52,54;13,44
200;4;204;316,2;806;52,54;13,44
200;5;180;316,2;853;52,54;13,44
200;6;166;316,2;802;52,54;13,44
200;7;162;316,2;584;52,54;13,44
200;8;140;316,2;695;52,54;13,44
200;9;139;316,2;619;52,54;13,44
200;10;133;316,2;622;52,54;13,44
200;11;133;316,2;617;52,54;13,44
200;12;132;316,2;582;52,54;13,44
200;13;131;316,2;630;52,54;13,44
200;14;131;316,2;677;52,54;13,44
300;1;960;151,3;571;52,54;13,45
300;2;468;151,3;564;52,54;13,45
300;3;303;151,3;575;52,54;13,45
300;4;233;151,3;605;52,54;13,45
300;5;173;151,3;663;52,54;13,45
300;6;151;151,3;633;52,54;13,45
300;7;138;151,3;632;52,54;13,45
300;8;130;151,3;612;52,54;13,45
300;9;115;151,3;613;52,54;13,45
300;10;114;151,3;614;52,54;13,45
300;11;111;151,3;602;52,54;13,45
300;12;111;151,3;560;52,54;13,45
300;13;106;151,3;559;52,54;13,45
300;14;105;151,3;618;52,54;13,45
500;1;221;377,4;403;52,54;13,46
500;2;107;377,4;335;52,54;13,46
500;3;74;377,4;428;52,54;13,46
500;4;54;377,4;383;52,54;13,46
500;5;41;377,4;344;52,54;13,46
500;6;39;377,4;401;52,54;13,46
500;7;36;377,4;403;52,54;13,46
500;8;34;377,4;363;52,54;13,46
500;9;34;377,4;365;52,54;13,46
500;10;34;377,4;424;52,54;13,46
500;11;34;377,4;382;52,54;13,46
500;12;34;377,4;374;52,54;13,46
500;13;34;377,4;387;52,54;13,46
500;14;34;377,4;356;52,54;13,46
700;1;1560;504,7;2464;52,54;13,47
700;2;958;504,7;2536;52,54;13,47
700;3;764;504,7;2562;52,54;13,47
700;4;665;504,7;2634;52,54;13,47
700;5;616;504,7;2467;52,54;13,47
700;6;582;504,7;2709;52,54;13,47
700;7;563;504,7;2512;52,54;13,47
700;8;534;504,7;2597;52,54;13,47
700;9;526;504,7;2500;52,54;13,47
700;10;520;504,7;3091;52,54;13,47
700;11;508;504,7;2535;52,54;13,47
700;12;506;504,7;2485;52,54;13,47
700;13;503;504,7;2506;52,54;13,47
700;14;500;504,7;2465;52,54;13,47
300;1;112;1884,2;235;52,54;13,48
300;2;56;1884,2;220;52,54;13,48
300;3;39;1884,2;215;52,54;13,48
300;4;32;1884,2;208;52,54;13,48
300;5;22;1884,2;198;52,54;13,48
300;6;22;1884,2;209;52,54;13,48
300;7;22;1884,2;185;52,54;13,48
300;8;21;1884,2;204;52,54;13,48
300;9;21;1884,2;209;52,54;13,48
300;10;21;1884,2;223;52,54;13,48
300;11;21;1884,2;227;52,54;13,48
300;12;21;1884,2;242;52,54;13,48
300;13;21;1884,2;220;52,54;13,48
300;14;21;1884,2;316;52,54;13,48
200;1;678;96,2;1480;52,54;13,49
200;2;478;96,2;1744;52,54;13,49
200;3;412;96,2;1625;52,54;13,49
200;4;389;96,2;1483;52,54;13,49
200;5;367;96,2;1415;52,54;13,49
200;6;362;96,2;1687;52,54;13,49
200;7;359;96,2;1529;52,54;13,49
200;8;356;96,2;1478;52,54;13,49
200;9;354;96,2;1458;52,54;13,49
200;10;353;96,2;1721;52,54;13,49
200;11;353;96,2;1908;52,54;13,49
200;12;352;96,2;1749;52,54;13,49
200;13;352;96,2;1463;52,54;13,49
200;14;352;96,2;1461;52,54;13,49
500;1;544;403,3;1331;52,54;13,5
500;2;364;403,3;1314;52,54;13,5
500;3;311;403,3;1301;52,54;13,5
500;4;284;403,3;1307;52,54;13,5
500;5;263;403,3;1336;52,54;13,5
500;6;259;403,3;1403;52,54;13,5
500;7;258;403,3;1342;52,54;13,5
500;8;257;403,3;1288;52,54;13,5
500;9;257;403,3;1468;52,54;13,5
500;10;257;403,3;1504;52,54;13,5
500;11;257;403,3;1723;52,54;13,5
500;12;257;403,3;1476;52,54;13,5
500;13;257;403,3;1339;52,54;13,5
500;14;257;403,3;1259;52,54;13,5
600;1;157;688,9;549;52,54;13,51
600;2;91;688,9;476;52,54;13,51
600;3;69;688,9;619;52,54;13,51
600;4;56;688,9;451;52,54;13,51
600;5;53;688,9;467;52,54;13,51
600;6;50;688,9;503;52,54;13,51
600;7;50;688,9;501;52,54;13,51
600;8;46;688,9;516;52,54;13,51
600;9;46;688,9;496;52,54;13,51
600;10;46;688,9;504;52,54;13,51
600;11;46;688,9;497;52,54;13,51
600;12;46;688,9;519;52,54;13,51
600;13;46;688,9;514;52,54;13,51
600;14;46;688,9;504;52,54;13,51